Best of 3,G2,64%,0.55,GPlay,36%,1.79
Best of 1,KeyD,84%,0.11,BorealS,16%,5.3
Best of 1,Cloud9,91%,0.07,BorealS,9%,10.11
Best of 1,EnVyUs,69%,0.25,Renegades,31%,2.18
Best of 1,LG,43%,1.29,SK,57%,0.76
Best of 1,Na'Vi,60%,0.67,Titan,40%,1.46
Best of 1,Renegades,56%,0.77,CLG,44%,1.28
Best of 1,BorealS,12%,7.01,FSid3,88%,0.09
Best of 1,Bravado,11%,7.76,EnVyUs,89%,0.09
Best of 3,TA,23%,3.37,GPlay,77%,0.17
Best of 1,Liquid,74%,0.2,QeeYou,26%,2.76
Best of 1,Titan,67%,0.26,LG,33%,2.06
Best of 1,SK,28%,2.51,Na'Vi,72%,0.22
Best of 1,QeeYou,28%,2.5,LDLC.White,72%,0.22
Best of 1,QeeYou,11%,7.67,NiP,89%,0.09
Best of 1,NiP,80%,0.15,Liquid,20%,3.85
Best of 1,Cloud9,66%,0.27,FSid3,34%,1.96
Best of 3,Evolution,58%,0.72,Vega,42%,1.35
Best of 1,LDLC.White,19%,4.12,NiP,81%,0.14
Best of 1,KeyD,34%,1.91,Cloud9,66%,0.51
Best of 1,FSid3,50%,0.97,KeyD,50%,1.01
Best of 1,Liquid,66%,0.51,LDLC.White,34%,1.92
Best of 3,NME,73%,0.2,Sinister (win),27%,2.74
Best of 5,Nexup,36%,1.79,Nexus (win),64%,0.55
Best of 3,Agent,25%,2.94,Epsilon (win),75%,0.19
Best of 3,Dignitas (win),78%,0.17,GPlay,22%,3.42
Best of 3,Vega (win),81%,0.14,RS,19%,4.14
Best of 3,Evolution,78%,0.16,PH (win),22%,3.45
Best of 3,TA,8%,11.83,TSM,92%,0.04
Best of 3,TSM (win),86%,0.11,G2,14%,5.93
Best of 3,MostlyH,44%,1.26,Mortality (win),56%,0.78
Best of 3,Piter,27%,2.69,GPlay (win),73%,0.2
Best of 5,Wolve (win),70%,0.23,ACGaming,30%,2.32
Best of 3,Fnatic (win),73%,0.2,VP,27%,2.73
Best of 1,TSM,29%,2.41,Fnatic (win),71%,0.23
Best of 1,VP (win),40%,1.47,TSM,60%,0.67
Best of 3,HR (win),66%,0.51,TA,34%,1.94
Best of 3,TSM (win),87%,0.1,HR,13%,6.59
Best of 1,Liquid (win),73%,0.21,Nihilum,27%,2.65
Best of 1,LG (win),47%,1.11,Nihilum,53%,0.88
Best of 1,Nihilum (win),36%,1.73,LG,64%,0.57
Best of 3,Mortality,73%,0.21,Sinister (win),27%,2.62
Best of 3,RS,15%,5.51,Evolution (win),85%,0.11
Best of 3,Dignitas (win),77%,0.17,1337,23%,3.33
Best of 1,FSid3,32%,2.07,VP (win),68%,0.26
Best of 3,G2 (win),39%,1.53,SK,61%,0.64
Best of 1,VP (win),68%,0.26,FSid3,32%,2.08
Best of 3,Orbit (win),68%,0.26,Epsilon,32%,2.1
Best of 3,1337 (win),14%,6.04,mouz,86%,0.1
Best of 3,TSM (win),88%,0.09,LGB,12%,7.11
Best of 1,Epsilon (win),59%,0.68,Reason,41%,1.44
Best of 3,Orbit (win),28%,2.49,Reason,72%,0.22
Best of 1,Epsilon (win),76%,0.18,AT,24%,3.13
Best of 3,Nexus,22%,3.54,NME (win),78%,0.16
Best of 3,GPlay (win),59%,0.69,SpaceS,41%,1.42
Best of 3,Agent,25%,3.02,LDLC.White (win),75%,0.18
Best of 1,VP (win),27%,2.64,Fnatic,73%,0.21
Best of 2,FSid3,20%,3.89,VP,80%,0.15
Best of 3,SK,14%,6.23,TSM (win),86%,0.1
Best of 3,MostlyH,77%,0.17,Frenchies,23%,3.31
Best of 3,GPlay (win),71%,0.23,Epsilon,29%,2.38
Best of 3,Penta,16%,5.09,mouz (win),84%,0.12
Best of 3,1337,12%,7.38,Dignitas (win),88%,0.09
Best of 3,Orbit (win),74%,0.2,AT,26%,2.84
Best of 3,Epsilon,54%,0.84,Reason (win),46%,1.17
Best of 3,Vega,71%,0.23,PH (win),29%,2.41
Best of 3,HR,61%,0.63,SK (win),39%,1.56
Best of 3,SK (win),26%,2.89,GPlay,74%,0.19
Best of 3,SKDC,63%,0.58,NME (win),37%,1.68
Best of 3,SR (win),80%,0.14,Nxl,20%,4.03
Best of 3,mouz,81%,0.14,LGB,19%,4.2
Best of 2,G2,23%,3.33,FSid3,77%,0.17
Best of 2,Dignitas,53%,0.87,Kinguin,47%,1.13
Best of 3,Energy (win),76%,0.18,Bravado,24%,3.09
Best of 3,Bravado (win),74%,0.2,Ventus,26%,2.75
Best of 3,1337,16%,5.36,Na'Vi (win),84%,0.11
Best of 5,TSY,16%,5.04,Evolution (win),84%,0.12
Best of 3,Bravado,65%,0.54,Energy (win),35%,1.81
Best of 5,Cloud9,15%,5.48,Fnatic (win),85%,0.11
Best of 1,Exile5,75%,0.19,DireW (win),25%,2.97
Best of 1,AvantG (win),71%,0.23,VOX,29%,2.4
Best of 1,Imm,28%,2.49,Renegades (win),72%,0.22
Best of 3,HKES,69%,0.25,myRev.kr (win),31%,2.16
Best of 3,ZAC,25%,3.01,HKES (win),75%,0.19
Best of 1,Renegades (win),88%,0.09,AvantG,12%,7.55
Best of 1,Imm (win),81%,0.14,DireW,19%,4.17
Best of 1,VOX,35%,1.81,Exile5 (win),65%,0.54
Best of 3,VP,23%,3.25,Fnatic (win),77%,0.17
Best of 3,CLG,24%,3.13,Cloud9 (win),76%,0.18
Best of 3,DTN,45%,1.23,myRev.kr (win),55%,0.8
Best of 3,Froccs,22%,3.43,Rock (win),78%,0.17
Best of 3,FSid3,52%,0.92,HR (win),48%,1.07
Best of 2,Kinguin (win),69%,0.25,FSid3,31%,2.2
Best of 3,KeyD,14%,5.92,Fnatic (win),86%,0.11
Best of 3,Cloud9 (win),21%,3.83,EnVyUs,79%,0.15
Best of 1,Fnatic (win),65%,0.54,TSM,35%,1.81
Best of 1,CLG (win),36%,1.79,KeyD,64%,0.55
Best of 1,LG,17%,4.86,EnVyUs (win),83%,0.12
Best of 1,VP (win),68%,0.26,Cloud9,32%,2.06
Best of 3,Frenchies,36%,1.76,Incursion (win),64%,0.56
Best of 2,Titan,35%,1.84,mouz (win),65%,0.53
Best of 2,HR,78%,0.16,Penta (win),22%,3.5
Best of 2,Titan,67%,0.26,HR (win),33%,2.03
Best of 1,FSid3,26%,2.81,NiP (win),74%,0.2
Best of 1,Titan (win),45%,1.23,FSid3,55%,0.8
Best of 1,NiP (win),66%,0.51,Na'Vi,34%,1.92
Best of 1,Na'Vi,46%,1.17,NiP (win),54%,0.84
Best of 1,Titan (win),31%,2.21,Na'Vi,69%,0.24
Best of 1,KeyD (win),19%,4.26,TSM,81%,0.14
Best of 1,Fnatic,94%,0.03,CLG (win),6%,16.45
Best of 1,Cloud9 (win),16%,5.04,EnVyUs,84%,0.12
Best of 1,VP (win),83%,0.12,LG,17%,4.86
Best of 2,Expend,80%,0.15,ACGaming,20%,3.95
Best of 3,Piter (win),41%,1.45,Orbit,59%,0.68
Best of 2,5Peaks (win),36%,1.74,Wolve,64%,0.56
Best of 3,NME,65%,0.54,Mortality,35%,1.82
Best of 3,TSY (win),45%,1.2,LoG.kz,55%,0.81
Best of 3,GPlay,30%,2.33,Dignitas (win),70%,0.23
Best of 3,PH,58%,0.71,LoG.kz (win),42%,1.38
Best of 1,G2 (win),80%,0.14,Reason,20%,4.02
Best of 3,MostlyH,21%,3.81,NME (win),79%,0.15
Best of 5,SKDC (win),64%,0.55,Lunatik,36%,1.78
Best of 3,HR,30%,2.28,mouz (win),70%,0.24
Best of 1,FSid3,30%,2.31,EnVyUs (win),70%,0.23
Best of 1,FSid3 (win),62%,0.61,Titan,38%,1.61
Best of 2,Titan,82%,0.13,Penta,18%,4.5
Best of 1,FSid3 (win),28%,2.59,Na'Vi,72%,0.21
Best of 1,Titan,28%,2.55,NiP (win),72%,0.21
Best of 3,mouz,80%,0.15,nEophyte,20%,3.95
Best of 2,FSid3,25%,2.91,Na'Vi (win),75%,0.19
Best of 3,Agent (win),45%,1.21,ESC,55%,0.81
Best of 3,QeeYou (win),72%,0.21,Puzzle,28%,2.57
Best of 3,HR,33%,2.02,Dignitas (win),67%,0.26
Best of 1,Liquid,66%,0.27,CLG (win),34%,1.95
Best of 3,Noble,61%,0.63,Nexus (win),39%,1.56
Best of 3,Liquid,74%,0.2,TStorm (win),26%,2.8
Best of 3,InShock,89%,0.08,AT,11%,7.89
Best of 1,Liquid (win),71%,0.23,CLG,29%,2.39
Best of 1,CLG,79%,0.16,eLevate,21%,3.65
Best of 3,InShock,50%,0.99,AT.blue,50%,0.99
Best of 3,UX,24%,3.07,NR,76%,0.18
Best of 3,GPlay,82%,0.13,SpaceS (win),18%,4.5
Best of 1,TSM (win),72%,0.21,Titan,28%,2.59
Best of 1,EnVyUs (win),74%,0.19,Na'Vi,26%,2.87
Best of 1,Fnatic (win),78%,0.16,EnVyUs,22%,3.52
Best of 1,Na'Vi (win),46%,1.15,Titan,54%,0.85
Best of 1,FSid3 (win),13%,6.45,TSM,87%,0.1
Best of 1,Titan,36%,1.79,VP (win),64%,0.55
Best of 1,EnVyUs (win),68%,0.25,Titan,32%,2.14
Best of 1,Fnatic (win),77%,0.17,NiP,23%,3.4
Best of 3,nEophyte,33%,2.05,HR,67%,0.26
Best of 3,mouz,57%,0.76,Dignitas (win),43%,1.29
Best of 1,EnVyUs (win),81%,0.14,FSid3,19%,4.16
Best of 2,Kinguin (win),21%,3.71,Na'Vi,79%,0.15
Best of 1,Fnatic (win),90%,0.08,FSid3,10%,8.52
Best of 2,mouz,28%,2.56,EnVyUs (win),72%,0.21
Best of 1,Fnatic (win),65%,0.54,TSM,35%,1.83
Best of 1,EnVyUs,46%,1.18,TSM (win),54%,0.83
Best of 2,FSid3,12%,7.56,Kinguin,88%,0.09
Best of 1,TSM,71%,0.22,Na'Vi (win),29%,2.43
Best of 1,TSM (win),45%,1.21,Na'Vi,55%,0.81
Best of 5,NiP,65%,0.53,EnVyUs (win),35%,1.84
Best of 3,KeyD,63%,0.58,LG (win),37%,1.69
Best of 3,NiP (win),84%,0.12,mouz,16%,5.12
Best of 3,EnVyUs (win),83%,0.12,Dignitas,17%,5.01
Best of 3,TSY,37%,1.67,Evolution (win),63%,0.59
Best of 3,TSY (win),70%,0.23,PH,30%,2.36
Best of 3,Evolution (win),86%,0.11,LoG.kz,14%,5.91
Best of 5,Penta (win),90%,0.08,myXMG,10%,8.59
Best of 3,VP,73%,0.21,mouz (win),27%,2.63
Best of 3,Titan,47%,1.12,Dignitas (win),53%,0.87
Best of 2,Imm,94%,0.03,AvantG,6%,15.49
Best of 2,Imm (win),85%,0.11,DireW,15%,5.65
Best of 2,Renegades (win),92%,0.04,Exile5,8%,11.41
Best of 2,Exile5 (win),39%,1.54,VOX,61%,0.64
Best of 2,Renegades (win),89%,0.08,VOX,11%,8.43
Best of 3,mouz,28%,2.5,EnVyUs (win),72%,0.22
Best of 3,VP (win),76%,0.18,Cloud9,24%,3.18
Best of 3,Titan (win),75%,0.19,SK,25%,2.94
Best of 3,NiP (win),80%,0.15,Dignitas,20%,3.99
Best of 3,Piter (win),87%,0.09,Infused,13%,6.76
Best of 1,PH (win),68%,0.26,LoG.kz,32%,2.1
Best of 1,M5,69%,0.25,LoG.kz (win),31%,2.2
Best of 1,PH (win),65%,0.53,M5,35%,1.86
Best of 1,AceG,6%,15.02,KeyD (win),94%,0.03
Best of 3,VP,79%,0.15,mouz (win),21%,3.72
Best of 3,EnVyUs (win),80%,0.15,Cloud9,20%,3.9
Best of 3,Titan,65%,0.53,Dignitas (win),35%,1.83
Best of 3,NiP (win),96%,0.02,SK,4%,22.27
Best of 1,Orbit (win),76%,0.18,Planetkey,24%,3.12
Best of 3,Piter (win),75%,0.19,Infused,25%,2.92
Best of 5,Kinguin (win),59%,0.7,FSid3,41%,1.4
Best of 3,G2,19%,4.15,FSid3 (win),81%,0.14
Best of 3,Ventus (win),54%,0.86,DC,46%,1.14
Best of 3,Winout,56%,0.77,Nexus (win),44%,1.28
Best of 1,TStorm (win),83%,0.12,mS,17%,4.9
Best of 1,Nihilum (win),84%,0.12,AceG,16%,5.1
Best of 1,Nihilum,31%,2.2,KeyD (win),69%,0.24
Best of 3,Kinguin (win),30%,2.37,FSid3,70%,0.23
Best of 3,G2 (win),85%,0.11,Rock,15%,5.68
Best of 3,Piter (win),58%,0.72,Orbit,42%,1.37
Best of 3,Planetkey,72%,0.22,Infused (win),28%,2.49
Best of 3,LGB,61%,0.64,Penta,39%,1.54
Best of 3,LGB,30%,2.33,GPlay (win),70%,0.23
Best of 2,Publiclir,6%,15.38,Na'Vi (win),94%,0.03
Best of 2,Na'Vi (win),91%,0.07,Penta,9%,10.17
Best of 2,Penta,15%,5.56,mouz (win),85%,0.11
Best of 2,5Peaks,24%,3.11,Expend,76%,0.18
Best of 2,Wolve (win),71%,0.22,ACGaming,29%,2.44
Best of 1,Enso,22%,3.47,Evolution (win),78%,0.16
Best of 1,Enso,51%,0.95,TSY (win),49%,1.03
Best of 1,LG,56%,0.76,Liquid (win),44%,1.29
Best of 1,Nihilum,48%,1.09,CLG,52%,0.9
Best of 1,FSid3,21%,3.82,VP,79%,0.15
Best of 3,TSM (win),89%,0.08,GPlay,11%,8.01
Best of 1,TStorm (win),87%,0.09,Winout,13%,6.87
Best of 1,AceG,26%,2.83,SKDC (win),74%,0.2
Best of 1,Liquid (win),76%,0.18,eLevate,24%,3.11
Best of 1,CLG (win),90%,0.08,mS,10%,8.57
Best of 1,LG (win),51%,0.94,CLG,49%,1.04
Best of 1,Nihilum,30%,2.36,Liquid (win),70%,0.23
Best of 3,G2,21%,3.81,FSid3 (win),79%,0.15
Best of 3,Kinguin (win),92%,0.04,Rock,8%,10.92
Best of 3,Penta (win),44%,1.25,SK,56%,0.78
Best of 3,SK (win),77%,0.17,x6tence,23%,3.25
Best of 2,Liquid (win),86%,0.1,eLevate,14%,6.18
Best of 2,eLevate,81%,0.14,AffNity (win),19%,4.23
Best of 2,NiP (win),82%,0.13,mouz,18%,4.39
Best of 2,Titan,76%,0.18,G2,24%,3.2
Best of 2,Na'Vi,63%,0.59,Titan,37%,1.66
Best of 1,EnVyUs,21%,3.72,Fnatic (win),79%,0.15
Best of 3,HSBG (win),62%,0.62,XPC,38%,1.58
Best of 1,EnVyUs,39%,1.54,VP (win),61%,0.64
Best of 3,Penta,5%,19.79,TSM,95%,0.02
Best of 1,Na'Vi (win),39%,1.55,EnVyUs,61%,0.63
Best of 1,Titan (win),32%,2.09,TSM,68%,0.26
Best of 1,Titan,72%,0.22,Dignitas (win),28%,2.51
Best of 1,Titan,28%,2.49,NiP (win),72%,0.22
Best of 1,Titan,21%,3.76,Fnatic (win),79%,0.15
Best of 3,1337 (win),35%,1.87,Penta,65%,0.52
Best of 1,Evolution (win),47%,1.11,TSY,53%,0.88
Best of 1,Titan,32%,2.12,NiP,68%,0.25
Best of 3,x6tence,39%,1.56,1337 (win),61%,0.63
Best of 3,Penta (win),35%,1.86,SK,65%,0.53
Best of 2,Liquid (win),93%,0.04,Method,7%,12.84
Best of 2,Lunatik,21%,3.76,eLevate (win),79%,0.15
Best of 2,Na'Vi,41%,1.41,VP (win),59%,0.69
Best of 2,LGB,7%,12.26,NiP (win),93%,0.04
Best of 1,Fnatic (win),73%,0.21,VP,27%,2.65
Best of 1,EnVyUs,58%,0.71,VP (win),42%,1.38
Best of 2,mouz (win),17%,4.78,Na'Vi,83%,0.13
Best of 1,CLG (win),78%,0.16,AffNity,22%,3.52
Best of 1,Liquid,77%,0.17,eLevate,23%,3.35
Best of 1,Winout,51%,0.97,mS (win),49%,1.01
Best of 1,LG (win),87%,0.1,Nexup,13%,6.37
Best of 3,Brazil (win),76%,0.18,Argentina,24%,3.08
Best of 3,L1,18%,4.55,Mortality (win),82%,0.13
Best of 1,VP,66%,0.51,Titan (win),34%,1.93
Best of 1,EnVyUs,53%,0.88,NiP (win),47%,1.11
Best of 5,VP,59%,0.68,EnVyUs (win),41%,1.45
Best of 3,TStorm (win),67%,0.26,WMM,33%,2.05
Best of 1,WMM (win),80%,0.14,Noble,20%,4.01
Best of 3,Brazil (win),90%,0.07,Ecuador,10%,9.35
Best of 1,NiP (win),55%,0.8,Titan,45%,1.22
Best of 2,Cloud9 (win),94%,0.03,Lunatik,6%,16.82
Best of 2,Liquid (win),94%,0.03,vVv,6%,15.76
Best of 2,NiP (win),96%,0.02,x6tence,4%,23.56
Best of 1,Dignitas,21%,3.71,Titan,79%,0.15
Best of 3,SK,36%,1.78,TSM,64%,0.55
Best of 1,Dignitas,13%,6.56,Fnatic (win),87%,0.1
Best of 1,VP (win),73%,0.21,Dignitas,27%,2.61
Best of 1,LG (win),67%,0.26,eLevate,33%,2.05
Best of 3,TStorm (win),31%,2.25,WMM,69%,0.24
Best of 1,mouz,30%,2.31,EnVyUs,70%,0.23
Best of 1,vVv,60%,0.65,Winout (win),40%,1.52
Best of 1,CLG,37%,1.7,KeyD (win),63%,0.58
Best of 3,Epsilon (win),45%,1.2,Piter,55%,0.82
Best of 1,Liquid,41%,1.41,KeyD,59%,0.7
Best of 1,Nihilum (win),56%,0.79,AffNity,44%,1.24
Best of 1,Liquid (win),81%,0.14,AffNity,19%,4.31
Best of 3,TStorm,82%,0.13,Winout,18%,4.63
Best of 3,Dignitas (win),87%,0.1,Penta,13%,6.43
Best of 3,TStorm (win),81%,0.14,Ims,19%,4.19
Best of 3,NME,79%,0.15,Winout (win),21%,3.73
Best of 3,Argentina (win),73%,0.21,Ecuador,27%,2.65
Best of 3,Chile (win),72%,0.22,Uruguay,28%,2.49
Best of 2,TSM,82%,0.13,mouz,18%,4.66
Best of 2,Dignitas,68%,0.26,Kinguin,32%,2.06
Best of 3,Noble (win),28%,2.51,vVv,72%,0.22
Best of 3,KeyD (win),34%,1.95,Liquid,66%,0.27
Best of 3,Cloud9,73%,0.21,Liquid (win),27%,2.67
Best of 3,LG,57%,0.74,KeyD (win),43%,1.32
Best of 1,Imm (win),83%,0.12,Aftershock,17%,4.82
Best of 1,Renegades (win),78%,0.16,DWolves,22%,3.55
Best of 1,AvantG,20%,3.95,Exile5 (win),80%,0.15
Best of 1,Ims (win),30%,2.32,WooSah,70%,0.23
Best of 1,DVST (win),56%,0.79,MF,44%,1.25
Best of 5,Na'Vi (win),49%,1.01,EnVyUs,51%,0.97
Best of 3,EnVyUs (win),88%,0.09,GPlay,12%,7.56
Best of 3,FSid3,25%,2.99,Na'Vi (win),75%,0.19
Best of 1,mouz (win),67%,0.27,FSid3,33%,1.99
Best of 3,NR (win),74%,0.19,InShock,26%,2.89
Best of 1,Method (win),15%,5.73,KeyD,85%,0.11
Best of 1,KeyD (win),87%,0.1,AceG,13%,6.72
Best of 1,Nihilum,32%,2.1,LG (win),68%,0.26
Best of 1,UX,35%,1.84,InShock (win),65%,0.53
Best of 3,Chile,45%,1.2,Argentina (win),55%,0.82
Best of 3,Argentina (win),75%,0.19,Uruguay,25%,2.93
Best of 1,EnVyUs (win),55%,0.8,Na'Vi,45%,1.23
Best of 1,GPlay (win),64%,0.57,G2,36%,1.73
Best of 1,WooSah,34%,1.91,Noble (win),66%,0.51
Best of 1,Renegades (win),86%,0.1,Exile5,14%,5.95
Best of 1,Imm (win),85%,0.11,AvantG,15%,5.44
Best of 1,SLine,61%,0.64,DWolves (win),39%,1.53
Best of 3,InShock,71%,0.22,NR (win),29%,2.48
Best of 1,AT.blue,33%,1.99,UX (win),67%,0.27
Best of 3,Cloud9 (win),94%,0.03,AffNity,6%,14.75
Best of 3,LG,71%,0.22,Nihilum,29%,2.43
Best of 3,KeyD (win),73%,0.2,eLevate,27%,2.73
Best of 1,Liquid,72%,0.21,LG,28%,2.58
Best of 1,Cloud9 (win),79%,0.16,CLG,21%,3.64
Best of 1,HR,23%,3.38,FSid3 (win),77%,0.17
Best of 1,HR,14%,6.26,Na'Vi (win),86%,0.1
Best of 3,UX,25%,3,NR (win),75%,0.19
Best of 5,Liquid (win),62%,0.61,CLG,38%,1.6
Best of 1,EnVyUs (win),76%,0.18,G2,24%,3.06
Best of 1,GPlay,32%,2.14,FSid3 (win),68%,0.25
Best of 1,EnVyUs,79%,0.15,FSid3 (win),21%,3.78
Best of 1,Cloud9 (win),78%,0.16,LG,22%,3.57
Best of 3,CLG,26%,2.76,Liquid (win),74%,0.2
Best of 3,InShock (win),82%,0.13,AT.blue,18%,4.47
Best of 3,InShock,78%,0.17,AT,22%,3.42
Best of 1,G2 (win),14%,6.09,Na'Vi,86%,0.1
Best of 1,HR,37%,1.67,GPlay (win),63%,0.59
Best of 1,G2,28%,2.5,FSid3 (win),72%,0.22
Best of 1,GPlay,20%,4.04,Na'Vi (win),80%,0.14
Best of 1,Na'Vi (win),78%,0.16,FSid3,22%,3.51
Best of 1,EnVyUs (win),86%,0.1,HR,14%,6.27
Best of 1,HR,65%,0.52,G2 (win),35%,1.87
Best of 1,GPlay (win),8%,12.14,EnVyUs,92%,0.04
Best of 1,Cloud9,77%,0.17,Liquid (win),23%,3.31
Best of 1,Cloud9 (win),71%,0.23,LG,29%,2.39
Best of 3,LGB (win),59%,0.68,SK,41%,1.43
Best of 1,Ducks (win),33%,1.99,Awsomniac,67%,0.27
Best of 2,TStorm,88%,0.09,Lunatik,12%,7.53
Best of 2,AceG,6%,16.55,eLevate (win),94%,0.03
Best of 2,Publiclir,31%,2.19,Penta,69%,0.25
Best of 2,Wolve,34%,1.93,Expend (win),66%,0.51
Best of 3,FSid3 (win),92%,0.04,Aces,8%,12.13
Best of 3,Paraguay (win),17%,4.91,Colombia,83%,0.12
Best of 3,Brazil (win),85%,0.11,Paraguay,15%,5.44
Best of 1,VP,33%,2.03,TSM,67%,0.26
Best of 2,5Peaks,22%,3.42,ACGaming,78%,0.17
Best of 1,AceG (win),13%,6.58,Nihilum,87%,0.1
Best of 1,AffNity,23%,3.23,Liquid (win),77%,0.17
Best of 1,TSM,74%,0.19,Na'Vi,26%,2.88
Best of 1,Titan (win),18%,4.41,Fnatic,82%,0.13
Best of 1,Penta,16%,5.22,Na'Vi (win),84%,0.12
Best of 1,Fnatic (win),78%,0.16,VP,22%,3.58
Best of 1,Titan (win),26%,2.87,Na'Vi,74%,0.19
Best of 1,NiP (win),72%,0.21,mouz,28%,2.59
Best of 1,Fnatic (win),77%,0.17,NiP,23%,3.23
Best of 3,Aces (win),44%,1.25,Evolution,56%,0.79
Best of 3,FSid3 (win),93%,0.03,Vega,7%,13.73
Best of 1,NiP,55%,0.81,Na'Vi,45%,1.22
Best of 1,NiP (win),45%,1.23,VP,55%,0.8
Best of 1,Dignitas,28%,2.53,VP,72%,0.22
Best of 2,G2,26%,2.81,Kinguin,74%,0.2
Best of 1,Dignitas,17%,4.93,EnVyUs (win),83%,0.12
Best of 1,mouz (win),30%,2.34,Titan,70%,0.23
Best of 1,VP (win),71%,0.23,Na'Vi,29%,2.37
Best of 1,Fnatic (win),78%,0.16,Na'Vi,22%,3.49
Best of 2,EnVyUs,85%,0.11,Titan,15%,5.8
Best of 3,ENCORE,10%,9.06,mouz,90%,0.08
Best of 1,CLG (win),92%,0.04,Winout,8%,11.3
Best of 1,AffNity,38%,1.61,eLevate (win),62%,0.61
Best of 1,NME (win),69%,0.25,Nexup,31%,2.17
Best of 2,Lunatik (win),47%,1.1,Method,53%,0.89
Best of 2,Liquid (win),95%,0.02,AceG,5%,19.15
Best of 3,SpaceS (win),23%,3.4,1337,77%,0.17
Best of 1,Piter,15%,5.58,FSid3 (win),85%,0.11
Best of 2,LGB,17%,4.87,Titan (win),83%,0.12
Best of 2,G2,94%,0.03,Publiclir (win),6%,14.72
Best of 3,Brazil (win),82%,0.13,Colombia,18%,4.36
Best of 3,Venezuela,31%,2.2,Ecuador (win),69%,0.25
Best of 1,Piter,79%,0.15,Evolution (win),21%,3.73
Best of 1,Evolution,8%,10.94,FSid3 (win),92%,0.04
Best of 1,VP (win),76%,0.18,mouz,24%,3.11
Best of 1,CAZ,18%,4.56,Epsilon (win),82%,0.13
Best of 1,EnVyUs (win),44%,1.25,TSM,56%,0.78
Best of 1,mouz,22%,3.52,VP (win),78%,0.16
Best of 2,Method,7%,12.98,Nihilum (win),93%,0.04
Best of 2,Nihilum,63%,0.59,TStorm,37%,1.66
Best of 2,Nihilum,92%,0.04,TsG,8%,10.82
Best of 1,KeyD,76%,0.17,SKDC (win),24%,3.22
Best of 1,CLG (win),63%,0.59,TStorm,37%,1.67
Best of 1,Lunatik,26%,2.82,AffNity (win),74%,0.2
Best of 1,Method,71%,0.23,Nexup (win),29%,2.41
Best of 3,Epsilon,18%,4.62,GPlay (win),82%,0.13
Best of 3,GPlay (win),78%,0.16,Rock,22%,3.47
Best of 1,Aces (win),42%,1.35,Vega,58%,0.73
Best of 1,Vega (win),81%,0.14,USSR,19%,4.23
Best of 1,USSR,29%,2.43,Aces (win),71%,0.22
Best of 2,Penta,9%,10.59,mouz,91%,0.04
Best of 3,Venezuela,32%,2.07,Peru (win),68%,0.26
Best of 3,Peru,79%,0.15,Ecuador (win),21%,3.81
Best of 2,TSM (win),92%,0.04,HR,8%,10.7
Best of 1,VP (win),56%,0.77,HR,44%,1.27
Best of 1,HR,23%,3.25,TSM (win),77%,0.17
Best of 1,Orbit,38%,1.64,Epsilon (win),62%,0.6
Best of 1,LDLC.White (win),75%,0.19,Orbit,25%,2.98
Best of 1,TA,62%,0.62,LDLC.White (win),38%,1.59
Best of 3,Fnatic (win),84%,0.12,Na'Vi,16%,5.16
Best of 2,AffNity,5%,18.39,Cloud9 (win),95%,0.02
Best of 2,Cloud9 (win),83%,0.12,Liquid,17%,5
Best of 1,Nihilum,82%,0.13,SKDC (win),18%,4.43
Best of 1,NME (win),54%,0.83,Method,46%,1.18
Best of 1,Lunatik,21%,3.75,eLevate (win),79%,0.15
Best of 3,Fnatic (win),77%,0.17,NiP,23%,3.4
Best of 3,HR (win),82%,0.13,GPlay,18%,4.38
Best of 3,Titan,18%,4.48,Na'Vi (win),82%,0.13
Best of 1,Dignitas,15%,5.83,NiP (win),85%,0.11
Best of 1,Na'Vi (win),37%,1.67,NiP,63%,0.59
Best of 2,SKDC (win),74%,0.2,Method,26%,2.8
Best of 2,TStorm,83%,0.12,SKDC,17%,4.93
Best of 3,X6tence,25%,3.04,GPlay (win),75%,0.18
Best of 2,mouz,30%,2.28,HR,70%,0.24
Best of 1,NME,16%,5.35,LG (win),84%,0.11
Best of 2,HR,13%,6.6,EnVyUs,87%,0.1
Best of 3,G2,26%,2.83,mouz (win),74%,0.2
Best of 1,Na'Vi (win),70%,0.23,Kinguin,30%,2.37
Best of 1,NiP (win),81%,0.14,Dignitas,19%,4.14
Best of 1,FSid3,53%,0.87,Titan (win),47%,1.13
Best of 1,LGB,34%,1.92,FSid3 (win),66%,0.51
Best of 1,Fnatic (win),78%,0.16,Titan,22%,3.54
Best of 1,AceG,8%,12.11,KeyD (win),92%,0.04
Best of 1,Liquid (win),88%,0.09,Lunatik,12%,7.14
Best of 1,KeyD,66%,0.51,Nihilum (win),34%,1.91
Best of 3,NiP (win),94%,0.03,TA,6%,16.19
Best of 1,Titan (win),70%,0.23,FSid3,30%,2.35
Best of 1,Fnatic (win),91%,0.07,LGB,9%,9.48
Best of 3,InShock (win),25%,2.91,KPV,75%,0.19
Best of 1,NR,55%,0.81,InShock (win),45%,1.2
Best of 1,Norway (win),49%,1.04,Finland,51%,0.94
Best of 1,Denmark,62%,0.61,Finland (win),38%,1.6
Best of 1,Finland (win),63%,0.58,Sweden,37%,1.7
Best of 3,CLG,58%,0.71,Liquid (win),42%,1.39
Best of 3,KPV (win),30%,2.29,InShock,70%,0.24
Best of 1,NR (win),76%,0.18,LDLC.Blue,24%,3.09
Best of 3,GPlay (win),82%,0.13,Rock,18%,4.48
Best of 5,TSY,75%,0.19,Evolution (win),25%,2.97
Best of 3,PH,65%,0.53,Evolution (win),35%,1.86
Best of 3,GPlay,53%,0.88,G2 (win),47%,1.12
Best of 3,ACG,28%,2.49,TSY (win),72%,0.22
Best of 1,LDLC.White (win),82%,0.13,Recursive,18%,4.44
Best of 1,Recursive (win),38%,1.64,Orbit,62%,0.6
Best of 3,FSid3 (win),84%,0.11,X6tence,16%,5.36
Best of 1,Winout,58%,0.72,Nexup,42%,1.36
Best of 2,CLG,25%,3.04,Cloud9 (win),75%,0.18
Best of 2,eLevate,17%,4.85,Cloud9 (win),83%,0.12
Best of 3,Energy (win),35%,1.83,Bravado,65%,0.53
Best of 2,1337 (win),88%,0.09,Publiclir,12%,7.27
Best of 1,Na'Vi,60%,0.67,HR (win),40%,1.46
Best of 3,Dignitas (win),31%,2.18,VP,69%,0.25
Best of 1,Fnatic,78%,0.16,Titan (win),22%,3.57
Best of 1,EnVyUs (win),77%,0.17,Na'Vi,23%,3.26
Best of 1,Dignitas (win),81%,0.14,FSid3,19%,4.21
Best of 3,NR,65%,0.52,InShock (win),35%,1.87
Best of 3,SK,55%,0.81,1337,45%,1.22
Best of 1,FSid3,24%,3.14,Na'Vi (win),76%,0.18
Best of 1,Fnatic,95%,0.03,Penta,5%,17.65
Best of 1,Na'Vi,56%,0.79,VP (win),44%,1.24
Best of 1,VP (win),68%,0.25,HR,32%,2.15
Best of 1,EnVyUs,67%,0.27,NiP (win),33%,1.97
Best of 3,LDLC.Blue,26%,2.81,KPV (win),74%,0.2
Best of 3,TSM (win),97%,0.01,ENCORE,3%,32.55
Best of 3,Titan (win),79%,0.15,G2,21%,3.73
Best of 3,Piter,15%,5.83,Dignitas (win),85%,0.11
Best of 2,HR,15%,5.63,EnVyUs,85%,0.11
Best of 1,Cloud9 (win),73%,0.2,Nihilum,27%,2.72
Best of 1,eLevate,36%,1.72,LG (win),64%,0.57
Best of 2,AffNity,25%,2.89,Liquid (win),75%,0.19
Best of 2,vVv,9%,9.51,CLG (win),91%,0.07
Best of 1,TSM (win),82%,0.13,HR,18%,4.63
Best of 1,NiP,32%,2.06,EnVyUs (win),68%,0.26
Best of 2,LGB (win),90%,0.08,Publiclir,10%,9.11
Best of 1,Titan,51%,0.95,HR (win),49%,1.03
Best of 1,TSM (win),52%,0.9,VP,48%,1.08
Best of 3,Dignitas (win),88%,0.09,ENCORE,12%,7.2
Best of 3,Na'Vi (win),86%,0.11,GPlay,14%,5.93
Best of 2,X6tence,8%,11.26,mouz,92%,0.04
Best of 1,VP (win),63%,0.59,Titan,37%,1.65
Best of 1,TSM (win),67%,0.26,NiP,33%,2.03
Best of 1,FSid3,10%,9.09,EnVyUs (win),90%,0.08
Best of 1,Fnatic (win),73%,0.2,Na'Vi,27%,2.7
Best of 3,Dignitas (win),74%,0.2,TA,26%,2.78
Best of 1,eLevate (win),31%,2.25,Liquid,69%,0.24
Best of 3,SKDC (win),88%,0.09,AceG,12%,7.1
Best of 3,G2 (win),77%,0.17,SpaceS,23%,3.39
Best of 2,Cloud9 (win),91%,0.07,SKDC,9%,10.2
Best of 2,AceG,6%,15.13,LG (win),94%,0.03
Best of 3,SpaceS (win),66%,0.27,Tricked,34%,1.95
Best of 1,EnVyUs (win),74%,0.2,Titan,26%,2.76
Best of 2,Na'Vi,88%,0.09,1337,12%,7.36
Best of 1,TSM (win),64%,0.56,NiP,36%,1.74
Best of 2,VP (win),86%,0.1,G2,14%,6.16
Best of 3,FSid3,61%,0.64,Dignitas (win),39%,1.52
Best of 5,CPlay (win),65%,0.54,LDLC.White,35%,1.82
Best of 1,HR (win),57%,0.73,Dignitas,43%,1.33
Best of 2,Titan,31%,2.19,VP,69%,0.25
Best of 1,NiP,87%,0.1,FSid3 (win),13%,6.42
Best of 5,EnVyUs,29%,2.47,Fnatic (win),71%,0.22
Best of 1,Na'Vi,70%,0.23,VP (win),30%,2.36
Best of 2,Penta,7%,12.41,TSM (win),93%,0.04
Best of 1,Fnatic (win),63%,0.58,NiP,37%,1.7
Best of 3,Publiclir,27%,2.68,LDLC.White (win),73%,0.21
Best of 3,CPlay,38%,1.63,Piter (win),62%,0.6
Best of 3,GPlay (win),29%,2.44,G2,71%,0.22
Best of 3,HR (win),63%,0.57,FSid3,37%,1.71
Best of 1,mS,13%,6.38,Liquid (win),87%,0.1
Best of 1,K1CK,19%,4.16,GPlay (win),81%,0.14
Best of 1,CAZ,23%,3.32,Piter (win),77%,0.17
Best of 3,XPC (win),71%,0.23,neXtP,29%,2.38
Best of 2,eLevate,78%,0.16,SKDC,22%,3.51
Best of 2,Liquid (win),88%,0.09,Lunatik,12%,7.23
Best of 3,Infused,22%,3.59,LDLC.White (win),78%,0.16
Best of 3,Publiclir,29%,2.47,CPlay (win),71%,0.22
Best of 1,Winout (win),65%,0.54,L1,35%,1.81
Best of 1,Titan,30%,2.34,Fnatic (win),70%,0.23
Best of 1,TSM (win),90%,0.08,FSid3,10%,8.65
Best of 1,Fnatic (win),91%,0.07,FSid3,9%,10.22
Best of 3,ENCORE,5%,19.51,Fnatic,95%,0.02
Best of 3,TA,55%,0.82,LGB (win),45%,1.2
Best of 3,LGB (win),33%,2.03,1337,67%,0.26
Best of 3,Liquid,33%,1.97,Cloud9 (win),67%,0.27
Best of 2,mouz,19%,4.19,NiP,81%,0.14
Best of 1,Dignitas (win),78%,0.16,LDLC.Blue,22%,3.47
Best of 1,FSid3,24%,3.21,VP (win),76%,0.18
Best of 2,TSM,68%,0.25,Titan,32%,2.14
Best of 1,Dignitas,19%,4.32,NiP (win),81%,0.14
Best of 2,FSid3 (win),44%,1.25,Dignitas,56%,0.78
Best of 3,PH,63%,0.58,TSY (win),37%,1.7
Best of 3,Piter (win),91%,0.07,N4K,9%,9.56
Best of 3,N4K (win),33%,2.02,SibWay,67%,0.26
Best of 5,QeeYou (win),20%,3.87,Tyloo,80%,0.15
Best of 2,TStorm (win),28%,2.52,CLG,72%,0.22
Best of 2,eLevate,26%,2.76,LG,74%,0.2
Best of 3,CLG,30%,2.36,Cloud9 (win),70%,0.23
Best of 3,Liquid (win),77%,0.17,AffNity,23%,3.41
Best of 5,Fnatic,77%,0.17,TSM (win),23%,3.23
Best of 3,TSM (win),67%,0.26,Na'Vi,33%,2.04
Best of 3,Na'Vi (win),87%,0.1,HR,13%,6.66
Best of 5,Energy,14%,6.21,Bravado (win),86%,0.1
Best of 3,DC,26%,2.88,Energy (win),74%,0.19
Best of 3,Piter (win),77%,0.17,TSY,23%,3.28
Best of 3,Froccs,24%,3.12,TW (win),76%,0.18
Best of 3,LDLC.White,71%,0.23,CPlay (win),29%,2.4
Best of 3,Publiclir (win),73%,0.2,Infused,27%,2.71
Best of 3,EnVyUs (win),95%,0.02,X6tence,5%,19.6
Best of 3,Dignitas (win),50%,1.01,mouz,50%,0.97
Best of 1,Epsilon (win),70%,0.24,LDLC.Blue,30%,2.26
Best of 3,mouz (win),78%,0.16,1337,22%,3.6
Best of 3,Aces,75%,0.19,TSY (win),25%,2.9
Best of 3,1337 (win),42%,1.37,GPlay,58%,0.71
Best of 3,PH (win),61%,0.63,Evolution,39%,1.56
Best of 3,DC (win),72%,0.22,eC,28%,2.52
Best of 3,Energy,30%,2.33,Bravado (win),70%,0.23
Best of 3,Cloud9 (win),90%,0.08,TStorm,10%,9.1
,Energy (win),84%,0.12,eC,16%,5.19
Best of 3,TBDa,33%,2.02,TBDb,67%,0.26
,TBDa,29%,2.39,TBDb,71%,0.23
Best of 3,dfeKt,28%,2.61,DC (win),72%,0.21
Best of 1,USSR,43%,1.31,TSY (win),57%,0.75
Best of 1,TSY,44%,1.24,PH (win),56%,0.79
Best of 1,PH (win),25%,2.91,USSR,75%,0.19
Best of 3,HSBG (win),74%,0.19,EZPZ,26%,2.85
Best of 3,Fnatic (win),68%,0.26,TSM,32%,2.1
Best of 3,V3,12%,7.28,Piter (win),88%,0.09
Best of 3,USSR,50%,0.98,TSY (win),50%,1
Best of 3,KeyD,87%,0.1,AffNity (win),13%,6.69
Best of 3,nEophyte (win),88%,0.09,NR,12%,7.61
Best of 1,TW (win),61%,0.64,CryC,39%,1.54
Best of 1,CryC (win),72%,0.22,Blaffy,28%,2.53
Best of 1,KanD,45%,1.22,TW (win),55%,0.8
Best of 3,TMP,8%,11.49,Cloud9,92%,0.04
Best of 3,CLG (win),62%,0.6,Nihilum,38%,1.64
Best of 3,GPlay (win),73%,0.21,NR,27%,2.63
Best of 3,NR (win),63%,0.58,KPV,37%,1.68
Best of 1,Epsilon,63%,0.59,NR (win),37%,1.67
Best of 3,Liquid (win),71%,0.23,eLevate,29%,2.4
Best of 3,HR,15%,5.58,TSM (win),85%,0.11
Best of 3,Na'Vi,27%,2.62,Fnatic (win),73%,0.21
Best of 1,Norway (win),63%,0.57,Denmark,37%,1.71
Best of 1,Denmark (win),78%,0.16,Finland,22%,3.6
Best of 1,Sweden,46%,1.14,Finland (win),54%,0.86
Best of 3,nEophyte (win),76%,0.18,NR,24%,3.18
Best of 1,Epsilon (win),66%,0.27,ESC,34%,1.95
Best of 3,Pandas,14%,6.02,Piter (win),86%,0.1
Best of 3,Tyloo (win),72%,0.22,Pow,28%,2.54
Best of 2,Nihilum,27%,2.65,Cloud9 (win),73%,0.21
Best of 2,vVv,10%,8.47,LG (win),90%,0.08
Best of 1,G2,82%,0.13,AT.black,18%,4.4
Best of 1,X6tence,25%,3.04,G2 (win),75%,0.18
Best of 3,nEophyte (win),82%,0.13,ESC,18%,4.6
Best of 3,Epsilon,71%,0.23,NR (win),29%,2.37
Best of 2,X6tence,36%,1.77,Penta (win),64%,0.55
Best of 2,Na'Vi,86%,0.11,FSid3,14%,5.93
Best of 3,Rock,38%,1.6,Tricked (win),62%,0.61
Best of 3,TSM,84%,0.11,mouz (win),16%,5.34
Best of 2,Method,13%,6.44,CLG,87%,0.1
Best of 2,SKDC,16%,5.33,Liquid (win),84%,0.11
Best of 2,Menace,14%,6.27,CLG,86%,0.1
Best of 3,Winout,38%,1.63,AceG (win),62%,0.6
Best of 1,EnVyUs (win),68%,0.26,Titan,32%,2.07
Best of 1,AW (win),58%,0.73,K1CK,42%,1.34
Best of 3,SK (win),21%,3.63,HR,79%,0.16
Best of 1,FSid3,22%,3.55,Titan (win),78%,0.16
Best of 1,TSM,70%,0.23,VP (win),30%,2.34
Best of 3,TA (win),47%,1.1,Penta,53%,0.89
Best of 1,Dignitas (win),77%,0.17,Epsilon,23%,3.24
Best of 1,EnVyUs (win),39%,1.57,TSM,61%,0.62
Best of 1,FSid3,32%,2.1,HR (win),68%,0.26
Best of 3,JakeB,17%,4.72,Tricked (win),83%,0.13
Best of 1,Na'Vi,34%,1.91,TSM (win),66%,0.51
Best of 1,TSM (win),85%,0.11,FSid3,15%,5.76
Best of 3,Titan (win),86%,0.1,Penta,14%,6.15
Best of 1,HR,19%,4.18,EnVyUs (win),81%,0.14
Best of 3,GPlay (win),58%,0.72,LGB,42%,1.37
Best of 3,Dignitas (win),22%,3.51,VP,78%,0.16
Best of 2,Na'Vi (win),92%,0.04,G2,8%,10.83
Best of 2,G2 (win),78%,0.17,x6tence,22%,3.42
Best of 2,mouz,33%,2.01,VP,67%,0.27
Best of 1,Cloud9 (win),68%,0.26,CLG,32%,2.07
Best of 1,Cloud9 (win),64%,0.56,Nihilum,36%,1.75
Best of 1,eLevate (win),26%,2.77,Liquid,74%,0.2
Best of 2,AceG,34%,1.91,Lunatik (win),66%,0.51
Best of 2,vVv,26%,2.86,TStorm (win),74%,0.19
Best of 1,Na'Vi,79%,0.15,Titan,21%,3.7
Best of 3,Piter,46%,1.16,Penta (win),54%,0.85
Best of 2,mouz (win),22%,3.42,HR,78%,0.17
Best of 2,Na'Vi,93%,0.04,G2,7%,12.9
Best of 3,SKDC (win),80%,0.14,Nexup,20%,4.05
Best of 1,AT.black,20%,4.03,G2,80%,0.14
Best of 1,Aces (win),58%,0.71,Evolution,42%,1.38
Best of 1,NewEra,23%,3.4,Aces (win),77%,0.17
Best of 1,Evolution (win),62%,0.6,NewEra,38%,1.63
Best of 1,Penta,18%,4.45,Titan (win),82%,0.13
Best of 3,SK (win),31%,2.18,TA,69%,0.25
Best of 1,TSM,67%,0.27,EnVyUs,33%,1.97
Best of 3,Kinguin,22%,3.47,EnVyUs (win),78%,0.16
Best of 3,InShock,10%,9.3,FSid3 (win),90%,0.08
Best of 3,FSid3 (win),72%,0.22,G2,28%,2.5
Best of 3,HR (win),88%,0.09,ENCORE,12%,7.55
Best of 3,EnVyUs (win),94%,0.03,SK,6%,14.88
Best of 2,LG,21%,3.63,AffNity,79%,0.16
Best of 1,Na'Vi (win),75%,0.19,Titan,25%,2.99
Best of 1,Na'Vi,88%,0.09,Penta,12%,7.35
Best of 3,nEophyte,32%,2.06,mouz (win),68%,0.26
Best of 2,Nihilum,91%,0.07,vVv,9%,9.7
Best of 1,Cloud9 (win),86%,0.11,AceG,14%,5.84
Best of 3,AffNity,20%,4.08,KeyD (win),80%,0.14
Best of 3,AceG,69%,0.25,Winout,31%,2.16
Best of 1,KeyD,71%,0.23,Nihilum (win),29%,2.37
Best of 2,LG (win),66%,0.51,AffNity,34%,1.91
Best of 1,TSM (win),47%,1.1,Na'Vi,53%,0.89
Best of 3,HR,14%,6.05,EnVyUs (win),86%,0.1
Best of 1,Na'Vi,83%,0.13,HR,17%,4.75
Best of 1,HR,63%,0.57,Dignitas,37%,1.72
Best of 3,ENCORE,9%,10.48,HR,91%,0.04
Best of 3,EnVyUs (win),90%,0.08,GPlay,10%,8.66
Best of 2,Penta,34%,1.95,LGB,66%,0.27
Best of 2,Titan,91%,0.07,Penta,9%,9.45
Best of 3,Liquid (win),26%,2.79,Cloud9,74%,0.2
Best of 1,Titan,27%,2.62,NiP (win),73%,0.21
Best of 2,EnVyUs,85%,0.11,Titan,15%,5.56
Best of 1,Dignitas,35%,1.81,VP,65%,0.54
Best of 1,HR,17%,4.93,Fnatic (win),83%,0.12
Best of 2,Dignitas,14%,6.15,Na'Vi (win),86%,0.1
Best of 1,Fnatic,67%,0.26,NiP (win),33%,2.05
Best of 1,VP,56%,0.77,Na'Vi,44%,1.27
Best of 2,Dignitas,67%,0.26,G2,33%,2.04
Best of 3,AceG,8%,10.76,Nihilum (win),92%,0.04
Best of 3,LG,23%,3.25,Cloud9 (win),77%,0.17
Best of 3,eLevate,38%,1.63,Liquid (win),62%,0.6
Best of 3,Liquid (win),32%,2.07,CLG,68%,0.26
Best of 3,EnVyUs,54%,0.85,Fnatic (win),46%,1.15
Best of 1,Cloud9 (win),74%,0.19,CLG,26%,2.88
Best of 1,Dignitas,21%,3.64,TSM (win),79%,0.16
Best of 3,HR (win),65%,0.54,mouz,35%,1.82
Best of 1,Fnatic (win),67%,0.26,VP,33%,2.02
Best of 1,Dignitas,20%,3.86,EnVyUs (win),80%,0.15
Best of 1,VP,35%,1.82,EnVyUs (win),65%,0.54
Best of 3,AT.blue (win),22%,3.52,K1CK,78%,0.16
Best of 3,Cloud9 (win),89%,0.08,SKDC,11%,8.2
Best of 3,Energy,50%,0.98,Bravado (win),50%,1
Best of 1,DireW (win),71%,0.23,AvantG,29%,2.38
Best of 1,Exile5,38%,1.61,Imm (win),62%,0.61
Best of 3,KFish,24%,3.11,x6tence (win),76%,0.18
Best of 3,eC,27%,2.72,Energy (win),73%,0.2
Best of 3,Lunatik,74%,0.19,Sinister,26%,2.85
Best of 3,HLTV.staff,70%,0.24,SLTVS.staff (win),30%,2.28
Best of 3,SLTVS.staff (win),78%,0.16,GS.staff,22%,3.54
Best of 3,FB.staff,50%,1,GS.staff (win),50%,0.98
Best of 5,GPlay (win),84%,0.12,Rock,16%,5.2
Best of 3,Ination,30%,2.31,Rock (win),70%,0.23
Best of 3,Ination,8%,10.89,GPlay,92%,0.04
Best of 3,RB,12%,7.6,Rock (win),88%,0.09
Best of 2,Penta,8%,11.51,EnVyUs (win),92%,0.04
Best of 3,Ination,19%,4.31,GPlay (win),81%,0.14
Best of 3,HR (win),95%,0.02,KPV,5%,20.94
Best of 3,LGB (win),56%,0.78,Iskold,44%,1.26
Best of 1,VOX (win),77%,0.17,SLine,23%,3.34
Best of 2,CLG,53%,0.89,Liquid,47%,1.1
Best of 2,TStorm,15%,5.6,LG (win),85%,0.11
Best of 3,AT.black,69%,0.25,K1CK (win),31%,2.2
Best of 1,GS.staff (win),42%,1.36,XPC.staff,58%,0.72
Best of 3,HLTV.staff (win),37%,1.68,SLTVS.staff,63%,0.58
Best of 5,IGG,63%,0.58,Giant5,37%,1.69
Best of 1,E-Frag.staff,20%,4,SLTVS.staff (win),80%,0.15
Best of 1,HLTV.staff (win),72%,0.22,SLTV.staff,28%,2.52
Best of 3,Rock,67%,0.27,Ination (win),33%,2.02
Best of 1,XPC.staff,30%,2.27,RGN.staff,70%,0.24
Best of 1,HLTV.staff (win),89%,0.08,F4U.staff,11%,8.12
Best of 1,AT.black (win),68%,0.25,Why,32%,2.13
Best of 1,AT.black (win),72%,0.21,FTW,28%,2.56
Best of 1,AT.blue (win),28%,2.56,K1CK,72%,0.21
Best of 1,DragonW,25%,2.96,K1CK (win),75%,0.19
Best of 3,Rock (win),86%,0.11,RB,14%,5.91
Best of 5,FSid3 (win),26%,2.84,Dignitas,74%,0.2
Best of 3,FSid3 (win),85%,0.11,Embrace,15%,5.61
Best of 1,EnVyUs (win),56%,0.77,Fnatic,44%,1.28
Best of 1,Na'Vi (win),70%,0.24,EnVyUs,30%,2.29
Best of 1,EnVyUs,29%,2.4,TSM (win),71%,0.23
Best of 3,Tricked,27%,2.72,X6tence (win),73%,0.2
Best of 3,ESC,47%,1.1,KFish (win),53%,0.89
Best of 1,FB.staff (win),69%,0.25,Reddit.staff,31%,2.18
Best of 1,Fnatic.staff,75%,0.19,1G.staff (win),25%,2.91
Best of 1,SLTVS.staff (win),73%,0.21,GS.staff,27%,2.66
Best of 1,HLTV.staff (win),78%,0.16,GG.staff,22%,3.59
Best of 1,RGN.staff (win),43%,1.32,SLTV.staff,57%,0.74
Best of 1,99dmg.staff,71%,0.22,XPC.staff (win),29%,2.48
Best of 3,nEophyte (win),87%,0.1,KFish,13%,6.45
,NR,61%,0.62,KFish (win),39%,1.57
Best of 1,SNerd,57%,0.76,NGOMG! (win),43%,1.29
Best of 1,NGOMG! (win),73%,0.21,oXzone,27%,2.61
Best of 1,Julgran,59%,0.69,oXzone (win),41%,1.41
Best of 3,Dignitas,33%,2.05,TSM,67%,0.26
Best of 3,TSM (win),89%,0.09,Dignitas,11%,7.68
Best of 5,SKDC (win),66%,0.27,Lunatik,34%,1.96
Best of 3,Australia (win),86%,0.11,NZ,14%,5.85
Best of 1,ESC,63%,0.57,KFish (win),37%,1.71
Best of 3,nEophyte (win),76%,0.18,NR,24%,3.05
Best of 3,EnVyUs (win),76%,0.18,TA,24%,3.15
Best of 2,Paradox (win),43%,1.33,vVv,57%,0.74
Best of 2,AceG,23%,3.37,SKDC (win),77%,0.17
Best of 3,VP,83%,0.12,Kinguin (win),17%,4.84
Best of 3,TSM,85%,0.11,mouz,15%,5.83
Best of 1,VirtF,16%,5.14,Wrecking (win),84%,0.12
Best of 1,Cnf,13%,6.53,GPlay (win),87%,0.1
Best of 2,Property,23%,3.32,mouz (win),77%,0.17
Best of 3,nEophyte,21%,3.62,HR (win),79%,0.16
Best of 1,StariG,24%,3.05,Ination (win),76%,0.18
Best of 3,Fnatic,33%,1.99,TSM (win),67%,0.27
Best of 1,L1 (win),30%,2.33,Sinister,70%,0.23
Best of 1,Noble,65%,0.54,District7 (win),35%,1.82
Best of 3,LGB,72%,0.21,X6tence (win),28%,2.59
Best of 1,Titan,30%,2.31,VP (win),70%,0.23
Best of 3,KFish,25%,2.95,NR (win),75%,0.19
Best of 2,Na'Vi (win),96%,0.02,X6tence,4%,22.9
Best of 1,mouz (win),12%,7.04,TSM,88%,0.09
Best of 1,Na'Vi (win),84%,0.11,mouz,16%,5.36
Best of 3,ESC,17%,4.77,nEophyte (win),83%,0.13
Best of 3,LGB,30%,2.35,FSid3,70%,0.23
Best of 2,AffNity,83%,0.13,Lunatik,17%,4.76
Best of 2,Liquid (win),43%,1.32,Nihilum,57%,0.74
Best of 1,Dignitas,26%,2.84,VP,74%,0.2
Best of 1,VP,71%,0.23,Dignitas (win),29%,2.41
Best of 3,mouz,67%,0.27,nEophyte,33%,2
Best of 3,Iskold,29%,2.48,nEophyte (win),71%,0.22
Best of 1,FSid3,29%,2.43,Titan (win),71%,0.22
Best of 3,LGB,34%,1.96,FSid3 (win),66%,0.27
Best of 2,NiP,96%,0.02,Publiclir,4%,25.83
Best of 3,LGB (win),84%,0.11,ENCORE,16%,5.33
Best of 2,VP,92%,0.04,Penta,8%,11.33
Best of 1,mouz,36%,1.79,HR (win),64%,0.55
Best of 1,TSM (win),55%,0.82,NiP,45%,1.2
Best of 1,eLevate,33%,2.05,Liquid,67%,0.26
Best of 1,Dignitas,39%,1.53,TBD,61%,0.64
Best of 3,VP,43%,1.3,Fnatic (win),57%,0.75
Best of 5,G2 (win),86%,0.11,X6tence,14%,5.87
Best of 3,Ubinited,6%,16.88,LG,94%,0.03
Best of 1,ENCORE,46%,1.15,LDLC.Blue (win),54%,0.85
Best of 3,Incursion,38%,1.62,Nexup,62%,0.6
Best of 3,HR (win),55%,0.8,Titan,45%,1.23
Best of 3,Na'Vi (win),86%,0.1,FSid3,14%,6.09
Best of 3,mouz (win),74%,0.2,GPlay,26%,2.84
Best of 1,CPlay,30%,2.31,TA (win),70%,0.23
Best of 3,G2,31%,2.24,HR (win),69%,0.24
Best of 1,Epsilon (win),71%,0.22,ENCORE,29%,2.45
Best of 3,LDLC.White,44%,1.27,nEophyte (win),56%,0.77
Best of 3,Ducks,14%,6.11,nEophyte (win),86%,0.1
Best of 1,ENCORE,14%,5.9,Dignitas (win),86%,0.11
Best of 2,TStorm,25%,2.99,LG (win),75%,0.19
Best of 2,AceG,10%,8.69,Nihilum (win),90%,0.08
Best of 2,Titan (win),87%,0.1,X6tence,13%,6.68
Best of 2,HR (win),94%,0.03,Publiclir,6%,16.67
Best of 3,LGB,64%,0.55,LDLC.White,36%,1.77
Best of 1,Penta,8%,12.09,NiP (win),92%,0.04
Best of 2,Na'Vi,55%,0.8,VP,45%,1.22
Best of 1,NiP (win),77%,0.17,mouz,23%,3.35
Best of 1,Dignitas (win),37%,1.68,mouz,63%,0.58
Best of 3,FSid3 (win),76%,0.18,Piter,24%,3.08
Best of 3,CW,59%,0.7,Penta,41%,1.4
Best of 1,AT,29%,2.42,X6tence,71%,0.22
Best of 3,H2B,26%,2.83,EZPZ (win),74%,0.2
Best of 1,LDLC.White (win),28%,2.58,TA,72%,0.21
Best of 1,Piter (win),56%,0.78,Penta,44%,1.26
Best of 3,Kinguin,43%,1.3,G2 (win),57%,0.75
Best of 3,VNR,46%,1.15,ATL (win),54%,0.86
Best of 3,AceG,47%,1.1,Mortality (win),53%,0.89
Best of 1,TSM (win),81%,0.14,Dignitas,19%,4.29
Best of 1,mouz (win),77%,0.17,Penta,23%,3.35
Best of 1,FSid3,18%,4.47,VP (win),82%,0.13
Best of 1,Penta,12%,7.52,NiP (win),88%,0.09
Best of 2,Titan,26%,2.85,NiP (win),74%,0.19
Best of 3,VP (win),93%,0.03,CPlay,7%,13.37
Best of 3,XPC,7%,13.83,HR (win),93%,0.03
Best of 3,Titan (win),77%,0.17,Piter,23%,3.39
Best of 3,TA (win),47%,1.1,GPlay,53%,0.89
Best of 3,InShock (win),35%,1.82,LDLC.White,65%,0.54
Best of 3,Na'Vi (win),71%,0.22,HR,29%,2.45
Best of 3,mouz (win),89%,0.09,CPlay,11%,7.7
Best of 1,nEophyte (win),39%,1.54,LGB,61%,0.64
Best of 3,GPlay,30%,2.36,Dignitas (win),70%,0.23
Best of 3,USSR,24%,3.13,LDLC.White (win),76%,0.18
Best of 1,X6tence,39%,1.56,Property (win),61%,0.63
Best of 1,Property (win),73%,0.21,AT,27%,2.66
Best of 3,Tricked,61%,0.62,HSBG (win),39%,1.58
Best of 3,neXtP (win),31%,2.21,Wrecking,69%,0.24
Best of 2,Cloud9 (win),87%,0.1,vVv,13%,6.66
Best of 2,TStorm,21%,3.82,Cloud9 (win),79%,0.15
Best of 3,Noble,18%,4.64,SKDC (win),82%,0.13
Best of 3,dfeKt (win),39%,1.56,XtC,61%,0.63
Best of 1,SLTV.staff,58%,0.73,Fnatic.staff (win),42%,1.34
Best of 3,M5,22%,3.47,Aspera,78%,0.16
Best of 3,Infused,40%,1.48,Xenex (win),60%,0.66
Best of 1,Na'Vi,58%,0.73,NiP (win),42%,1.35
Best of 1,Fnatic (win),60%,0.67,Na'Vi,40%,1.47
Best of 3,TA,30%,2.33,mouz (win),70%,0.23
Best of 2,Publiclir,24%,3.13,X6tence,76%,0.18
Best of 3,XPC (win),81%,0.14,GF,19%,4.11
Best of 2,AffNity (win),77%,0.17,mS,23%,3.37
Best of 2,Cloud9,78%,0.16,eLevate,22%,3.59
Best of 1,LDLC.White,37%,1.65,LGB (win),63%,0.59
Best of 1,LGB,62%,0.6,TA (win),38%,1.62
Best of 1,FSid3.staff (win),40%,1.48,GG.staff,60%,0.66
Best of 1,SK.staff,28%,2.59,SLTVS.staff (win),72%,0.21
Best of 1,HR.staff,34%,1.95,Fnatic.staff (win),66%,0.27
Best of 1,SLTV.staff (win),20%,4,NiP.staff,80%,0.15
Best of 1,F4U.staff,46%,1.18,Gfinity.staff,54%,0.83
Best of 5,G2,61%,0.62,X6tence,39%,1.57
Best of 1,GS.staff,54%,0.86,Skillz.staff (win),46%,1.14
Best of 5,GV,14%,6.28,IGG (win),86%,0.1
Best of 5,ESC,74%,0.2,Epsilon (win),26%,2.81
Best of 1,USSR (win),37%,1.71,Aces,63%,0.57
Best of 3,Piter,76%,0.18,Vega (win),24%,3.19
Best of 1,HR (win),28%,2.56,NiP,72%,0.21
Best of 1,Epsilon (win),65%,0.53,LDLC.Blue,35%,1.85
Best of 3,ESC (win),61%,0.62,LDLC.Blue,39%,1.58
Best of 1,Epsilon (win),64%,0.55,KFish,36%,1.79
Best of 1,NiP (win),51%,0.95,EnVyUs,49%,1.03
Best of 1,EnVyUs,29%,2.4,Fnatic,71%,0.23
Best of 1,Fnatic,80%,0.14,HR,20%,4.08
Best of 1,Skillz.staff (win),29%,2.47,GS.staff,71%,0.22
Best of 1,HLTV.staff (win),73%,0.2,Na'Vi.staff,27%,2.7
Best of 1,99dmg.staff (win),68%,0.26,AZero.staff,32%,2.06
Best of 1,Hitbox.staff,22%,3.51,Reddit.staff (win),78%,0.16
Best of 1,RGN.staff (win),47%,1.1,Vakarm.staff,53%,0.89
Best of 1,VP.staff,35%,1.87,1G.staff (win),65%,0.52
Best of 3,Xenex (win),27%,2.64,FM,73%,0.21
Best of 3,Vega (win),22%,3.46,Aces,78%,0.16
Best of 3,Piter (win),73%,0.2,USSR,27%,2.73
Best of 3,H2B,14%,6.15,SpaceS (win),86%,0.1
Best of 1,SNerd (win),58%,0.71,AllS,42%,1.38
Best of 1,AllS (win),38%,1.61,Exertus,62%,0.61
Best of 1,Panthers,68%,0.25,Exertus (win),32%,2.11
Best of 5,SKDC (win),41%,1.4,AceG,59%,0.7
Best of 3,MeSport,21%,3.62,EZPZ (win),79%,0.16
Best of 1,CLG,29%,2.47,KeyD (win),71%,0.22
Best of 3,HR (win),78%,0.16,TA,22%,3.52
Best of 3,KFish,47%,1.1,LDLC.Blue (win),53%,0.89
Best of 3,ESC (win),42%,1.38,Epsilon,58%,0.71
Best of 3,District7,33%,2.05,Incursion (win),67%,0.26
Best of 5,G2,80%,0.15,X6tence,20%,3.86
Best of 3,LGB,10%,8.51,TSM (win),90%,0.08
Best of 2,Liquid,71%,0.22,TStorm (win),29%,2.45
Best of 2,eLevate,35%,1.8,CLG (win),65%,0.54
Best of 1,Piter (win),57%,0.74,Orbit,43%,1.32
Best of 2,Titan,79%,0.15,Property (win),21%,3.79
Best of 2,VP (win),75%,0.18,G2,25%,3.02
Best of 3,Penta,19%,4.15,HR (win),81%,0.14
Best of 3,LGB (win),76%,0.18,KFish,24%,3.19
Best of 2,Penta,63%,0.57,Property,37%,1.71
Best of 3,myRev,65%,0.54,H2B (win),35%,1.82
Best of 3,FSid3 (win),75%,0.19,LDLC.White,25%,3.02
Best of 3,Na'Vi (win),64%,0.54,EnVyUs,36%,1.8
Best of 2,TSM,75%,0.19,EnVyUs,25%,2.99
Best of 1,Dignitas,30%,2.34,VP,70%,0.23
Best of 1,Na'Vi,56%,0.77,TSM,44%,1.27
Best of 1,NiP,65%,0.52,Titan,35%,1.88
Best of 2,VP,75%,0.19,Dignitas,25%,2.93
Best of 1,NiP,75%,0.18,HR (win),25%,3.05
Best of 2,LG,84%,0.11,Lunatik,16%,5.38
Best of 2,FlyingV,29%,2.46,eLevate,71%,0.22
Best of 1,Epsilon,67%,0.27,LDLC.Blue (win),33%,2.01
Best of 1,Dignitas,84%,0.12,Epsilon (win),16%,5.19
Best of 1,LGB (win),65%,0.53,SpaceS,35%,1.85
Best of 1,ENCORE,18%,4.59,Dignitas,82%,0.13
Best of 3,Winout (win),63%,0.59,Sinister,37%,1.66
Best of 1,TSM (win),85%,0.11,Penta,15%,5.54
Best of 1,Penta,18%,4.49,VP (win),82%,0.13
Best of 1,VP,66%,0.51,Na'Vi,34%,1.91
Best of 3,M5,10%,8.88,HR (win),90%,0.08
Best of 1,Fnatic,45%,1.23,TSM (win),55%,0.8
Best of 1,Mystik.staff,43%,1.3,FB.staff (win),57%,0.75
Best of 1,XPC.staff,23%,3.32,FACEIT.staff (win),77%,0.17
Best of 3,Dignitas,65%,0.53,G2,35%,1.83
Best of 3,TA (win),72%,0.22,NR,28%,2.51
Best of 3,Na'Vi (win),91%,0.07,InShock,9%,9.52
Best of 3,EnVyUs,87%,0.09,G2 (win),13%,6.9
Best of 3,TSM (win),88%,0.09,Dignitas,12%,7.03
Best of 3,NRG,20%,4.05,SKDC (win),80%,0.14
Best of 1,Property,74%,0.19,K1CK,26%,2.88
Best of 1,G2,75%,0.18,K1CK,25%,3.03
Best of 1,Property,34%,1.93,G2 (win),66%,0.51
Best of 1,LDLC.White,52%,0.91,SpaceS (win),48%,1.08
Best of 1,GPlay (win),53%,0.88,Penta,47%,1.11
Best of 1,Piter,53%,0.87,GPlay (win),47%,1.13
Best of 2,NiP (win),54%,0.83,VP,46%,1.18
Best of 2,mouz,64%,0.56,G2,36%,1.75
Best of 3,ThirdEq (win),60%,0.65,DVST,40%,1.51
Best of 1,Epsilon (win),65%,0.54,Ducks,35%,1.82
Best of 1,EnVyUs,38%,1.59,TSM,62%,0.62
Best of 3,HR (win),19%,4.19,VP,81%,0.14
Best of 3,TA,5%,20.92,Fnatic (win),95%,0.02
Best of 2,AffNity (win),16%,5.02,Nihilum,84%,0.12
Best of 2,TStorm,63%,0.57,Paradox,37%,1.71
Best of 3,Mia,59%,0.69,JakeB (win),41%,1.41
Best of 1,Penta,62%,0.61,CW,38%,1.61
Best of 2,NiP (win),91%,0.07,G2,9%,10.17
Best of 3,TSM (win),84%,0.12,Dignitas,16%,5.07
Best of 1,Penta,54%,0.83,Piter,46%,1.18
Best of 1,Property,41%,1.43,G2,59%,0.68
Best of 1,CW (win),48%,1.07,GPlay,52%,0.91
Best of 3,CW (win),38%,1.65,ENCORE,62%,0.59
Best of 3,Tricked,21%,3.73,G2 (win),79%,0.15
Best of 3,G2,41%,1.44,mouz (win),59%,0.68
Best of 3,Kinguin (win),81%,0.14,CW,19%,4.21
Best of 3,FSid3,21%,3.79,VP (win),79%,0.15
Best of 2,Lunatik,53%,0.88,SKDC (win),47%,1.12
Best of 2,eLevate,38%,1.63,Nihilum (win),62%,0.6
,Paradox (win),86%,0.1,TMP,14%,6.17
Best of 1,FSid3,41%,1.41,HR (win),59%,0.69
Best of 3,Piter (win),37%,1.7,LDLC.White,63%,0.58
Best of 2,LGB,26%,2.86,mouz,74%,0.19
Best of 2,G2,64%,0.55,LGB,36%,1.78
Best of 3,Tricked (win),50%,0.99,HSBG,50%,0.99
Best of 3,GPlay,84%,0.12,Rock (win),16%,5.04
Best of 3,HSBG (win),77%,0.17,Mia,23%,3.29
Best of 1,dfeKt (win),70%,0.24,Jukes,30%,2.28
Best of 1,SpaceS (win),32%,2.12,TA,68%,0.25
Best of 1,LDLC.Blue,12%,7.04,Dignitas (win),88%,0.09
Best of 1,CW,63%,0.58,Piter (win),37%,1.68
Best of 3,JakeB,13%,6.92,Tricked (win),87%,0.09
Best of 3,skillz,30%,2.32,LanD (win),70%,0.23
Best of 3,XPC (win),40%,1.49,USSR,60%,0.66
Best of 5,Fnatic (win),69%,0.25,VP,31%,2.2
Best of 3,NewEra,20%,4.06,Piter (win),80%,0.14
Best of 3,bs3x,22%,3.57,PH (win),78%,0.16
Best of 3,skillz,26%,2.81,XPC (win),74%,0.2
Best of 3,USSR (win),78%,0.16,LanD,22%,3.54
Best of 3,Na'Vi,59%,0.69,VP (win),41%,1.41
Best of 3,Titan,23%,3.27,Fnatic (win),77%,0.17
Best of 3,NewEra (win),75%,0.19,bs3x,25%,2.98
Best of 3,Piter (win),91%,0.07,PH,9%,9.6
Best of 3,bs3x (win),76%,0.18,Spiders,24%,3.13
Best of 3,PH (win),57%,0.74,tmUragan,43%,1.33
Best of 2,LG,94%,0.03,SKDC,6%,15.03
Best of 2,AffNity (win),11%,7.76,CLG,89%,0.09
Best of 2,HR,79%,0.15,Property,21%,3.8
Best of 2,X6tence,14%,6.23,HR (win),86%,0.1
Best of 3,EaglesG,31%,2.18,Embrace (win),69%,0.25
Best of 5,IGG,92%,0.04,228,8%,11.45
Best of 2,Imm,3%,27.38,VP (win),97%,0.02
Best of 2,NiP,60%,0.67,Na'Vi (win),40%,1.46
Best of 2,Fnatic,97%,0.01,Liquid,3%,38.54
Best of 2,Titan (win),81%,0.14,Cloud9,19%,4.31
Best of 2,Na'Vi (win),74%,0.2,VOX,26%,2.76
Best of 2,VP (win),31%,2.2,EnVyUs,69%,0.25
Best of 2,VOX,12%,7.25,NiP,88%,0.09
